<?xml version="1.0" encoding="UTF-8"?>
<!DOCTYPE mapper
PUBLIC "-//mybatis.org//DTD Mapper 3.0//EN"
"http://mybatis.org/dtd/mybatis-3-mapper.dtd">
<mapper namespace="ynjh/company/dao/companyRecruit/CompanyRecruitMapper">
<insert id="addCompanyRecruit" parameterType="CompanyRecruit">
		insert into companyRecruit (cpmRecTitle,cpmRecWage,cpmRecEducation,cmpRecExperience,cmpRecPeople,cmpRecTime,cmpRecStatus) values(#{cpmRecTitle},#{cpmRecWage},#{cpmRecEducation},#{cmpRecExperience},#{cmpRecPeople},#{cmpRecTime},#{cmpRecStatus})
</insert>
<update id="updateCpmRecTitle" parameterType="CompanyRecruit">
		update companyRecruit set cpmRecTitle=#{cpmRecTitle} where companyId=#{companyId}
</update>
<update id="updateCpmRecWage" parameterType="CompanyRecruit">
		update companyRecruit set cpmRecWage=#{cpmRecWage} where companyId=#{companyId}
</update>
<update id="updateCpmRecEducation" parameterType="CompanyRecruit">
		update companyRecruit set cpmRecEducation=#{cpmRecEducation} where companyId=#{companyId}
</update>
<update id="updateCmpRecExperience" parameterType="CompanyRecruit">
		update companyRecruit set cmpRecExperience=#{cmpRecExperience} where companyId=#{companyId}
</update>
<update id="updateCmpRecPeople" parameterType="int">
		update companyRecruit set cmpRecPeople=#{cmpRecPeople} where companyId=#{companyId}
</update>
<update id="updateCmpRecStatus" parameterType="int">
		update companyRecruit set cmpRecStatus=#{cmpRecStatus} where companyId=#{companyId}
</update>
<select id="findAll" resultType="CompanyRecruit">
		select * from article where artStatus != 4
	<!-- 语法   limit开始记录号(从0开始),每页记录条数 -->
	<if test="page!=null">
		limit #{page},5
	</if>
  
</select>
<select id="findById" parameterType="int" resultType="CompanyRecruit">
	select * from article where id=#{id}
</select>

</mapper>