<?xml version="1.0" encoding="UTF-8"?>
<!DOCTYPE mapper
PUBLIC "-//mybatis.org//DTD Mapper 3.0//EN"
"http://mybatis.org/dtd/mybatis-3-mapper.dtd">

<mapper namespace="ynjh.admin.dao.adminlog.AdminLogMapper">
	<select id="findAdminLog"  resultType="AdminLog">
		select * from adminlog where adminLoginId=#{adminLoginId}
		<!-- 语法：limit 访问管理员日志,无参数查询全部 -->
	</select>
	<select id="findAdminLog"  resultType="AdminLog">
		select * from adminlog where adminTime between #{beginTime} and #{endTime}
		<!-- 语法：limit 访问管理员日志,时间查询 -->
	</select>
	
	<select id="findAdminLog"  resultType="AdminLog">
		select * from adminlog where adminLoginId=#{adminLoginId} and
		adminDo=#{adminDo}
		<!-- 语法：limit 访问管理员日志,操作人ID&操作类型查询 -->
	</select>
	<select id="findAdminLog"  resultType="AdminLog">
		select * from adminlog where adminLoginId=#{adminLoginId} and
		adminTime between #{beginTime} and #{endTime}
	</select>
	<!-- 语法：limit 访问管理员日志,操作人id&时间段查询 -->
	<select id="findAdminLog"  resultType="AdminLog">
		select * from adminlog where adminDo=#{adminDo} and
		adminTime between #{beginTime} and #{endTime}
	</select>
	<!-- 语法：limit 访问管理员日志,操作类型&时间段查询 -->
	<select id="findAdminLog"  resultType="AdminLog">
		select * from adminlog where adminDo=#{adminDo} and
		adminTime between #{beginTime} and #{endTime} and adminLoginId=#{adminLoginId}
		<!-- 语法：limit 访问管理员日志,全部类型查询 -->
	</select>
</mapper>
