<?xml version="1.0" encoding="UTF-8"?>
<!DOCTYPE mapper
PUBLIC "-//mybatis.org//DTD Mapper 3.0//EN"
"http://mybatis.org/dtd/mybatis-3-mapper.dtd">

<!-- namespace指定我们后面需要使用的接口的完全限定名 -->
<mapper namespace="ynjh.company.dao.company.CompanyMapper">

	<!--
		insert/update/delect标签没有resultType属性，返回值都是int  
		OGNL表达式中，如果参数传入的是基本类型，则直接使用参数名
		如果参数传入的是对象，则直接使用属性名
	-->
	<!-- 添加用户信息 -->
	<insert id="addCompany" parameterType="Company">
		insert into company(
		
		companyLoginId,companyPassword,companyName,companyLogo,companyLicenseImg,companyLicenseNo,companyCorporator,
		companyTel,companyEmail,companyAddress,companyDetailImg,companyStatus
		
		) 
		values (
		
		#{companyId},#{companyLoginId},#{companyPassword},#{companyName},#{companySimpleName},#{companyLogo},
		#{companyLicenseImg},#{companyLicenseNo},#{companyCorporator},#{companyTel},#{companyEmail},
		#{companyAddress},#{companyDetailImg},#{companyStatus}
		
		)
	</insert> 
	<!-- 更改用户信息 -->
	 <update id="updateCompanyById" parameterType="int">
		update company set companyName=#{companyName},companyLogo=#{companyLogo},companyLicenseImg=#{companyLicenseImg},
		companyLicenseNo=#{companyLicenseNo},companyCorporator=#{companyCorporator},companyTel=#{companyTel},
		companyEmail=#{companyEmail},companyAddress=#{companyAddress},companyDetailImg=#{companyDetailImg},
		companyStatus=#{companyStatus} where id=#{id}
	</update>
	<select id="findByloginIdAndPassword" resultType="Company">
		select * from company where companyLoginId=#{companyLoginId} and companyPassword=#{companyPassword}
	</select>
	<select id="findById" parameterType="int" resultType="Company">
		select * from company where companyId=#{companyId}
	</select>
	
	
</mapper>