<?xml version="1.0" encoding="UTF-8" ?>
<!DOCTYPE configuration
PUBLIC "-//mybatis.org//DTD Config 3.0//EN"
"http://mybatis.org/dtd/mybatis-3-config.dtd">

<!-- 通过这个配置文件完成mybatis与数据库的连接 -->
<configuration>

	<!-- 引入 database.properties 文件-->
	<properties resource="database.properties"/>
	
	<settings>
		<!-- 配置mybatis的log实现为LOG4J -->
		<setting name="logImpl" value="LOG4J" />
		<!-- 设置resultMap的自动映射级别为NONE(禁止自动匹配)
			PARTIAL:部分映射，不含内部声明的类或集合
			FULL:完全映射，只要名字匹配就映射
		-->
		<!-- <setting name="autoMappingBehavior" value="NONE" /> -->
	</settings>
	
	<!--类型别名-->
	<typeAliases>
	 	<!-- <typeAlias alias="User" type="cn.smbms.pojo.User"/> -->
	 	<package name="ynjh.personal.entity"/>
	 	<package name="ynjh.admin.entity"/>
	 	<package name="ynjh.company.entity"/>
	</typeAliases>
	
	<!-- <environments default="development">
		<environment id="development">
			配置事务管理，采用JDBC的事务管理 
			<transactionManager type="JDBC"></transactionManager>
			POOLED:mybatis自带的数据源，JNDI:基于tomcat的数据源
			<dataSource type="POOLED">
				<property name="driver" value="${driver}"/>
				<property name="url" value="${url}"/>
				<property name="username" value="${username}"/>
				<property name="password" value="${password}"/>
			</dataSource>
		</environment>
	</environments> -->
	
	<!-- 将mapper文件加入到配置文件中 -->
	<mappers>
		<!-- <mapper resource="ynjh/personal/dao/user/UserMapper.xml"/>
		<mapper resource="ynjh/personal/dao/article/ArticleMapper.xml"/>
		<mapper resource="ynjh/personal/dao/commentArticle/CommentArticle.xml"/> -->
		<mapper resource="ynjh/admin/dao/admin/AdminMapper.xml"/>
		<mapper resource="ynjh/admin/dao/adminLog/AdminLogMapper.xml"/>
		<mapper resource="ynjh/admin/dao/companyVisitCount/CompanyVisitCountMapper.xml"/>
		<mapper resource="ynjh/admin/dao/userVisitCount/UserVisitCountMapper.xml"/>
		<!-- <mapper resource="ynjh/company/dao/companyInformation/ArticleMapper.xml"/>
		<mapper resource="ynjh/company/dao/companyInformation/CommentArticleMapper.xml"/>
		<mapper resource="ynjh/company/dao/discuss/Discuss.xml"/> -->
	</mappers>

</configuration>
